A Light in the ...,Г‚ВЈ51.77,3
Tipping the Velvet,Г‚ВЈ53.74,1
Soumission,Г‚ВЈ50.10,1
Sharp Objects,Г‚ВЈ47.82,4
Sapiens: A Brief History ...,Г‚ВЈ54.23,5
The Requiem Red,Г‚ВЈ22.65,1
The Dirty Little Secrets ...,Г‚ВЈ33.34,4
The Coming Woman: A ...,Г‚ВЈ17.93,3
The Boys in the ...,Г‚ВЈ22.60,4
The Black Maria,Г‚ВЈ52.15,1
Starving Hearts (Triangular Trade ...,Г‚ВЈ13.99,2
Shakespeare's Sonnets,Г‚ВЈ20.66,4
Set Me Free,Г‚ВЈ17.46,5
Scott Pilgrim's Precious Little ...,Г‚ВЈ52.29,5
Rip it Up and ...,Г‚ВЈ35.02,5
Our Band Could Be ...,Г‚ВЈ57.25,3
Olio,Г‚ВЈ23.88,1
Mesaerion: The Best Science ...,Г‚ВЈ37.59,1
Libertarianism for Beginners,Г‚ВЈ51.33,2
It's Only the Himalayas,Г‚ВЈ45.17,2
In Her Wake,Г‚ВЈ12.84,1
How Music Works,Г‚ВЈ37.32,2
Foolproof Preserving: A Guide ...,Г‚ВЈ30.52,3
Chase Me (Paris Nights ...,Г‚ВЈ25.27,5
Black Dust,Г‚ВЈ34.53,5
Birdsong: A Story in ...,Г‚ВЈ54.64,3
America's Cradle of Quarterbacks: ...,Г‚ВЈ22.50,3
Aladdin and His Wonderful ...,Г‚ВЈ53.13,3
Worlds Elsewhere: Journeys Around ...,Г‚ВЈ40.30,5
Wall and Piece,Г‚ВЈ44.18,4
The Four Agreements: A ...,Г‚ВЈ17.66,5
The Five Love Languages: ...,Г‚ВЈ31.05,3
The Elephant Tree,Г‚ВЈ23.82,5
The Bear and the ...,Г‚ВЈ36.89,1
Sophie's World,Г‚ВЈ15.94,5
Penny Maybe,Г‚ВЈ33.29,3
Maude (1883-1993):She Grew Up ...,Г‚ВЈ18.02,2
"In a Dark, Dark ...",Г‚ВЈ19.63,1
Behind Closed Doors,Г‚ВЈ52.22,4
You can't bury them ...,Г‚ВЈ33.63,2
Slow States of Collapse: ...,Г‚ВЈ57.31,3
Reasons to Stay Alive,Г‚ВЈ26.41,2
Private Paris (Private #10),Г‚ВЈ47.61,5
#HigherSelfie: Wake Up Your ...,Г‚ВЈ23.11,5
Without Borders (Wanderlove #1),Г‚ВЈ45.07,2
When We Collided,Г‚ВЈ31.77,1
"We Love You, Charlie ...",Г‚ВЈ50.27,5
Untitled Collection: Sabbath Poems ...,Г‚ВЈ14.27,4
Unseen City: The Majesty ...,Г‚ВЈ44.18,4
Unicorn Tracks,Г‚ВЈ18.78,3
Unbound: How Eight Technologies ...,Г‚ВЈ25.52,1
Tsubasa: WoRLD CHRoNiCLE 2 ...,Г‚ВЈ16.28,1
Throwing Rocks at the ...,Г‚ВЈ31.12,3
This One Summer,Г‚ВЈ19.49,4
Thirst,Г‚ВЈ17.27,5
The Torch Is Passed: ...,Г‚ВЈ19.09,1
The Secret of Dreadwillow ...,Г‚ВЈ56.13,1
The Pioneer Woman Cooks: ...,Г‚ВЈ56.41,1
The Past Never Ends,Г‚ВЈ56.50,4
The Natural History of ...,Г‚ВЈ45.22,3
The Nameless City (The ...,Г‚ВЈ38.16,4
The Murder That Never ...,Г‚ВЈ54.11,3
The Most Perfect Thing: ...,Г‚ВЈ42.96,4
The Mindfulness and Acceptance ...,Г‚ВЈ23.89,4
The Life-Changing Magic of ...,Г‚ВЈ16.77,3
The Inefficiency Assassin: Time ...,Г‚ВЈ20.59,5
The Gutsy Girl: Escapades ...,Г‚ВЈ37.13,1
The Electric Pencil: Drawings ...,Г‚ВЈ56.06,1
The Death of Humanity: ...,Г‚ВЈ58.11,4
The Bulletproof Diet: Lose ...,Г‚ВЈ49.05,3
The Art Forger,Г‚ВЈ40.76,3
The Age of Genius: ...,Г‚ВЈ19.73,1
The Activist's Tao Te ...,Г‚ВЈ32.24,5
Spark Joy: An Illustrated ...,Г‚ВЈ41.83,4
Soul Reader,Г‚ВЈ39.58,2
Security,Г‚ВЈ39.25,2
"Saga, Volume 6 (Saga ...",Г‚ВЈ25.02,3
"Saga, Volume 5 (Saga ...",Г‚ВЈ51.04,2
Reskilling America: Learning to ...,Г‚ВЈ19.83,2
"Rat Queens, Vol. 3: ...",Г‚ВЈ50.40,3
"Princess Jellyfish 2-in-1 Omnibus, ...",Г‚ВЈ13.61,5
Princess Between Worlds (Wide-Awake ...,Г‚ВЈ13.34,5
"Pop Gun War, Volume ...",Г‚ВЈ18.97,1
"Political Suicide: Missteps, Peccadilloes, ...",Г‚ВЈ36.28,2
Patience,Г‚ВЈ10.16,3
"Outcast, Vol. 1: A ...",Г‚ВЈ15.44,4
orange: The Complete Collection ...,Г‚ВЈ48.41,1
Online Marketing for Busy ...,Г‚ВЈ46.35,1
On a Midnight Clear,Г‚ВЈ14.07,3
Obsidian (Lux #1),Г‚ВЈ14.86,2
My Paris Kitchen: Recipes ...,Г‚ВЈ33.37,2
Masks and Shadows,Г‚ВЈ56.40,2
Mama Tried: Traditional Italian ...,Г‚ВЈ14.02,4
"Lumberjanes, Vol. 2: Friendship ...",Г‚ВЈ46.91,2
"Lumberjanes, Vol. 1: Beware ...",Г‚ВЈ45.61,3
Lumberjanes Vol. 3: A ...,Г‚ВЈ19.92,2
"Layered: Baking, Building, and ...",Г‚ВЈ40.11,1
Judo: Seven Steps to ...,Г‚ВЈ53.90,2
Join,Г‚ВЈ35.67,5
In the Country We ...,Г‚ВЈ22.00,4
Immunity: How Elie Metchnikoff ...,Г‚ВЈ57.36,5
"I Hate Fairyland, Vol. ...",Г‚ВЈ29.17,2
I am a Hero ...,Г‚ВЈ54.63,3
How to Be Miserable: ...,Г‚ВЈ46.03,1
Her Backup Boyfriend (The ...,Г‚ВЈ33.97,1
"Giant Days, Vol. 2 ...",Г‚ВЈ22.11,2
Forever and Forever: The ...,Г‚ВЈ29.69,3
First and First (Five ...,Г‚ВЈ15.97,4
Fifty Shades Darker (Fifty ...,Г‚ВЈ21.96,1
Everydata: The Misinformation Hidden ...,Г‚ВЈ54.35,2
Don't Be a Jerk: ...,Г‚ВЈ37.97,2
Danganronpa Volume 1,Г‚ВЈ51.99,4
Crown of Midnight (Throne ...,Г‚ВЈ43.29,3
"Codename Baboushka, Volume 1: ...",Г‚ВЈ36.72,4
Camp Midnight,Г‚ВЈ17.08,4
Call the Nurse: True ...,Г‚ВЈ29.14,5
Burning,Г‚ВЈ28.81,3
Bossypants,Г‚ВЈ49.46,2
"Bitch Planet, Vol. 1: ...",Г‚ВЈ37.92,2
Avatar: The Last Airbender: ...,Г‚ВЈ28.09,2
Algorithms to Live By: ...,Г‚ВЈ30.81,1
A World of Flavor: ...,Г‚ВЈ42.95,1
"A Piece of Sky, ...",Г‚ВЈ56.76,5
A Murder in Time,Г‚ВЈ16.64,1
A Flight of Arrows ...,Г‚ВЈ55.53,5
A Fierce and Subtle ...,Г‚ВЈ28.13,4
A Court of Thorns ...,Г‚ВЈ52.37,1
(Un)Qualified: How God Uses ...,Г‚ВЈ54.00,5
You Are What You ...,Г‚ВЈ21.87,4
William Shakespeare's Star Wars: ...,Г‚ВЈ43.30,4
Tuesday Nights in 1980,Г‚ВЈ21.04,2
Tracing Numbers on a ...,Г‚ВЈ41.60,3
Throne of Glass (Throne ...,Г‚ВЈ35.07,3
Thomas Jefferson and the ...,Г‚ВЈ59.64,1
Thirteen Reasons Why,Г‚ВЈ52.72,1
The White Cat and ...,Г‚ВЈ58.08,4
The Wedding Dress,Г‚ВЈ24.12,1
The Vacationers,Г‚ВЈ42.15,4
The Third Wave: An ...,Г‚ВЈ12.61,5
The Stranger,Г‚ВЈ17.44,4
The Shadow Hero (The ...,Г‚ВЈ33.14,1
The Secret (The Secret ...,Г‚ВЈ27.37,4
The Regional Office Is ...,Г‚ВЈ51.36,5
The Psychopath Test: A ...,Г‚ВЈ36.00,2
The Project,Г‚ВЈ10.65,1
The Power of Now: ...,Г‚ВЈ43.54,2
The Omnivore's Dilemma: A ...,Г‚ВЈ38.21,2
The Nerdy Nummies Cookbook: ...,Г‚ВЈ37.34,5
The Murder of Roger ...,Г‚ВЈ44.10,4
The Mistake (Off-Campus #2),Г‚ВЈ43.29,3
The Matchmaker's Playbook (Wingmen ...,Г‚ВЈ55.85,1
The Love and Lemons ...,Г‚ВЈ37.60,2
The Long Shadow of ...,Г‚ВЈ10.97,1
The Kite Runner,Г‚ВЈ41.82,4
The House by the ...,Г‚ВЈ36.95,1
The Glittering Court (The ...,Г‚ВЈ44.28,1
The Girl on the ...,Г‚ВЈ55.02,2
The Genius of Birds,Г‚ВЈ17.24,1
The Emerald Mystery,Г‚ВЈ23.15,2
The Cookies & Cups ...,Г‚ВЈ41.25,1
The Bridge to Consciousness: ...,Г‚ВЈ32.00,3
The Artist's Way: A ...,Г‚ВЈ38.49,5
The Art of War,Г‚ВЈ33.34,5
The Argonauts,Г‚ВЈ10.93,2
The 10% Entrepreneur: Live ...,Г‚ВЈ27.55,3
Suddenly in Love (Lake ...,Г‚ВЈ55.99,2
Something More Than This,Г‚ВЈ16.24,4
Soft Apocalypse,Г‚ВЈ26.12,2
So You've Been Publicly ...,Г‚ВЈ12.23,2
Shoe Dog: A Memoir ...,Г‚ВЈ23.99,2
"Shobu Samurai, Project Aryoku ...",Г‚ВЈ29.06,3
Secrets and Lace (Fatal ...,Г‚ВЈ20.27,1
Scarlett Epstein Hates It ...,Г‚ВЈ43.55,5
Romero and Juliet: A ...,Г‚ВЈ36.94,1
Redeeming Love,Г‚ВЈ20.47,5
Poses for Artists Volume ...,Г‚ВЈ41.06,1
Poems That Make Grown ...,Г‚ВЈ14.19,4
"Nightingale, Sing",Г‚ВЈ38.28,1
Night Sky with Exit ...,Г‚ВЈ41.05,1
Mrs. Houdini,Г‚ВЈ30.25,5
Modern Romance,Г‚ВЈ28.26,5
Miss PeregrineГўВЂВ™s Home for ...,Г‚ВЈ10.76,1
Louisa: The Extraordinary Life ...,Г‚ВЈ16.85,2
Little Red,Г‚ВЈ13.47,3
Library of Souls (Miss ...,Г‚ВЈ48.56,5
Large Print Heart of ...,Г‚ВЈ19.15,2
I Had a Nice ...,Г‚ВЈ57.36,4
Hollow City (Miss PeregrineГўВЂВ™s ...,Г‚ВЈ42.98,1
Grumbles,Г‚ВЈ22.16,2
Full Moon over NoahГўВЂВ™s ...,Г‚ВЈ49.43,4
Frostbite (Vampire Academy #2),Г‚ВЈ29.99,5
Follow You Home,Г‚ВЈ21.36,1
First Steps for New ...,Г‚ВЈ29.00,1
Finders Keepers (Bill Hodges ...,Г‚ВЈ53.53,5
"Fables, Vol. 1: Legends ...",Г‚ВЈ41.62,4
Eureka Trivia 6.0,Г‚ВЈ54.59,4
Drive: The Surprising Truth ...,Г‚ВЈ34.95,4
Done Rubbed Out (Reightman ...,Г‚ВЈ37.72,5
Doing It Over (Most ...,Г‚ВЈ35.61,3
Deliciously Ella Every Day: ...,Г‚ВЈ42.16,3
Dark Notes,Г‚ВЈ19.19,5
Daring Greatly: How the ...,Г‚ВЈ19.43,3
Close to You,Г‚ВЈ49.46,4
Chasing Heaven: What Dying ...,Г‚ВЈ37.80,2
Big Magic: Creative Living ...,Г‚ВЈ30.80,3
Becoming Wise: An Inquiry ...,Г‚ВЈ27.43,2
Beauty Restored (Riley Family ...,Г‚ВЈ11.11,2
Batman: The Long Halloween ...,Г‚ВЈ36.50,2
Batman: The Dark Knight ...,Г‚ВЈ15.38,5
Ayumi's Violin,Г‚ВЈ15.48,2
Anonymous,Г‚ВЈ46.82,4
Amy Meets the Saints ...,Г‚ВЈ18.46,3
Amid the Chaos,Г‚ВЈ36.58,1
Amatus,Г‚ВЈ50.54,5
Agnostic: A Spirited Manifesto,Г‚ВЈ12.51,5
Zealot: The Life and ...,Г‚ВЈ24.70,3
You (You #1),Г‚ВЈ43.61,5
"Wonder Woman: Earth One, ...",Г‚ВЈ37.34,4
Wild Swans,Г‚ВЈ14.36,2
Why the Right Went ...,Г‚ВЈ52.65,4
Whole Lotta Creativity Going ...,Г‚ВЈ38.20,4
What's It Like in ...,Г‚ВЈ19.60,2
"We Are Robin, Vol. ...",Г‚ВЈ53.90,1
Walt Disney's Alice in ...,Г‚ВЈ12.96,5
V for Vendetta (V ...,Г‚ВЈ37.10,4
Until Friday Night (The ...,Г‚ВЈ46.31,2
Unbroken: A World War ...,Г‚ВЈ45.95,2
Twenty Yawns,Г‚ВЈ22.08,2
Through the Woods,Г‚ВЈ25.38,2
This Is Where It ...,Г‚ВЈ27.12,2
The Year of Magical ...,Г‚ВЈ43.04,2
The Wright Brothers,Г‚ВЈ56.80,4
The White Queen (The ...,Г‚ВЈ25.91,5
The Wedding Pact (The ...,Г‚ВЈ32.61,3
The Time Keeper,Г‚ВЈ27.88,5
The Testament of Mary,Г‚ВЈ52.67,4
The Star-Touched Queen,Г‚ВЈ46.02,5
The Songs of the ...,Г‚ВЈ44.48,5
The Song of Achilles,Г‚ВЈ37.40,5
The Rosie Project (Don ...,Г‚ВЈ54.04,1
The Power of Habit: ...,Г‚ВЈ16.88,3
The Marriage of Opposites,Г‚ВЈ28.08,4
The Lucifer Effect: Understanding ...,Г‚ВЈ10.40,1
The Long Haul (Diary ...,Г‚ВЈ44.07,1
The Loney,Г‚ВЈ23.40,1
The Literature Book (Big ...,Г‚ВЈ17.43,3
The Last Mile (Amos ...,Г‚ВЈ54.21,2
The Immortal Life of ...,Г‚ВЈ40.67,2
The Hidden Oracle (The ...,Г‚ВЈ52.26,2
The Help Yourself Cookbook ...,Г‚ВЈ28.77,3
The Guilty (Will Robie ...,Г‚ВЈ13.82,2
The First Hostage (J.B. ...,Г‚ВЈ25.85,3
The Dovekeepers,Г‚ВЈ48.78,1
The Darkest Lie,Г‚ВЈ35.35,5
The Bane Chronicles (The ...,Г‚ВЈ44.73,4
The Bad-Ass Librarians of ...,Г‚ВЈ15.77,1
The 14th Colony (Cotton ...,Г‚ВЈ39.24,1
That Darkness (Gardiner and ...,Г‚ВЈ13.92,1
Tastes Like Fear (DI ...,Г‚ВЈ10.69,1
Take Me with You,Г‚ВЈ45.21,3
Swell: A Year of ...,Г‚ВЈ45.58,1
Superman Vol. 1: Before ...,Г‚ВЈ11.89,5
Still Life with Bread ...,Г‚ВЈ26.41,3
Steve Jobs,Г‚ВЈ39.50,5
Sorting the Beef from ...,Г‚ВЈ44.74,4
Someone Like You (The ...,Г‚ВЈ52.79,5
"So Cute It Hurts!!, ...",Г‚ВЈ35.43,4
Shtum,Г‚ВЈ55.84,4
See America: A Celebration ...,Г‚ВЈ48.87,3
salt.,Г‚ВЈ46.78,4
Robin War,Г‚ВЈ47.82,3
"Red Hood/Arsenal, Vol. 1: ...",Г‚ВЈ25.48,2
Rain Fish,Г‚ВЈ23.57,3
Quarter Life Poetry: Poems ...,Г‚ВЈ50.89,5
Pet Sematary,Г‚ВЈ10.56,3
"Overload: How to Unplug, ...",Г‚ВЈ52.15,3
Once Was a Time,Г‚ВЈ18.28,2
Old School (Diary of ...,Г‚ВЈ11.83,5
No Dream Is Too ...,Г‚ВЈ21.95,2
"Naruto (3-in-1 Edition), Vol. ...",Г‚ВЈ38.39,2
My Name Is Lucy ...,Г‚ВЈ41.56,1
My Mrs. Brown,Г‚ВЈ24.48,3
My Kind of Crazy,Г‚ВЈ40.36,1
Mr. Mercedes (Bill Hodges ...,Г‚ВЈ28.90,1
More Than Music (Chasing ...,Г‚ВЈ37.61,2
Made to Stick: Why ...,Г‚ВЈ38.85,5
Luis Paints the World,Г‚ВЈ53.95,3
Luckiest Girl Alive,Г‚ВЈ49.83,3
Lowriders to the Center ...,Г‚ВЈ51.51,2
Love Is a Mix ...,Г‚ВЈ18.03,1
Looking for Lovely: Collecting ...,Г‚ВЈ29.14,5
Living Leadership by Insight: ...,Г‚ВЈ46.91,4
Let It Out: A ...,Г‚ВЈ26.79,5
Lady Midnight (The Dark ...,Г‚ВЈ16.28,5
"It's All Easy: Healthy, ...",Г‚ВЈ19.55,1
Island of Dragons (Unwanteds ...,Г‚ВЈ29.65,1
I Know What I'm ...,Г‚ВЈ25.98,4
I Am Pilgrim (Pilgrim ...,Г‚ВЈ10.60,4
Hyperbole and a Half: ...,Г‚ВЈ14.75,5
"Hush, Hush (Hush, Hush ...",Г‚ВЈ47.02,3
Hold Your Breath (Search ...,Г‚ВЈ28.82,1
Hamilton: The Revolution,Г‚ВЈ58.79,3
Greek Mythic History,Г‚ВЈ10.23,5
God: The Most Unpleasant ...,Г‚ВЈ30.03,5
Glory over Everything: Beyond ...,Г‚ВЈ45.84,3
Feathers: Displays of Brilliant ...,Г‚ВЈ49.05,3
Far & Away: Places ...,Г‚ВЈ15.06,4
Every Last Word,Г‚ВЈ46.47,3
Eligible (The Austen Project ...,Г‚ВЈ27.09,3
El Deafo,Г‚ВЈ57.62,5
Eight Hundred Grapes,Г‚ВЈ14.39,4
Eaternity: More than 150 ...,Г‚ВЈ51.75,5
"Eat Fat, Get Thin",Г‚ВЈ54.07,2
Don't Get Caught,Г‚ВЈ55.35,1
Doctor Sleep (The Shining ...,Г‚ВЈ40.12,2
Demigods & Magicians: Percy ...,Г‚ВЈ37.51,5
Dear Mr. Knightley,Г‚ВЈ11.21,5
Daily Fantasy Sports,Г‚ВЈ36.58,1
Crazy Love: Overwhelmed by ...,Г‚ВЈ47.72,2
Cometh the Hour (The ...,Г‚ВЈ25.01,3
Code Name Verity (Code ...,Г‚ВЈ22.13,4
Clockwork Angel (The Infernal ...,Г‚ВЈ44.14,1
City of Glass (The ...,Г‚ВЈ56.02,4
City of Fallen Angels ...,Г‚ВЈ11.23,4
City of Bones (The ...,Г‚ВЈ43.28,1
City of Ashes (The ...,Г‚ВЈ47.27,1
Cell,Г‚ВЈ20.29,4
Catching Jordan (Hundred Oaks),Г‚ВЈ50.83,3
"Carry On, Warrior: Thoughts ...",Г‚ВЈ31.85,3
Carrie,Г‚ВЈ46.23,2
Buying In: The Secret ...,Г‚ВЈ37.80,4
Brain on Fire: My ...,Г‚ВЈ49.32,5
Batman: Europa,Г‚ВЈ32.01,2
Barefoot Contessa Back to ...,Г‚ВЈ28.01,1
Barefoot Contessa at Home: ...,Г‚ВЈ50.62,5
Balloon Animals,Г‚ВЈ17.03,3
Art Ops Vol. 1,Г‚ВЈ48.80,3
Aristotle and Dante Discover ...,Г‚ВЈ58.14,4
Angels Walking (Angels Walking ...,Г‚ВЈ34.20,2
Angels & Demons (Robert ...,Г‚ВЈ51.48,3
All the Light We ...,Г‚ВЈ29.87,5
Adulthood Is a Myth: ...,Г‚ВЈ10.90,2
Abstract City,Г‚ВЈ56.37,5
A Time of Torment ...,Г‚ВЈ48.35,5
A Study in Scarlet ...,Г‚ВЈ16.73,2
A Series of Catastrophes ...,Г‚ВЈ56.48,2
A People's History of ...,Г‚ВЈ40.79,2
A Man Called Ove,Г‚ВЈ39.72,1
A Distant Mirror: The ...,Г‚ВЈ14.58,3
A Brush of Wings ...,Г‚ВЈ55.51,1
1491: New Revelations of ...,Г‚ВЈ21.80,3
"The Three Searches, Meaning, ...",Г‚ВЈ13.33,3
Searching for Meaning in ...,Г‚ВЈ38.73,1
Rook,Г‚ВЈ37.86,4
My Kitchen Year: 136 ...,Г‚ВЈ11.53,2
13 Hours: The Inside ...,Г‚ВЈ27.06,1
Will You Won't You ...,Г‚ВЈ13.86,3
Tipping Point for Planet ...,Г‚ВЈ37.55,1
The Star-Touched Queen,Г‚ВЈ32.30,5
The Silent Sister (Riley ...,Г‚ВЈ46.29,5
The Midnight Watch: A ...,Г‚ВЈ26.20,1
The Lonely City: Adventures ...,Г‚ВЈ33.26,2
The Gray Rhino: How ...,Г‚ВЈ59.15,4
The Golden Condom: And ...,Г‚ВЈ39.43,1
The Epidemic (The Program ...,Г‚ВЈ14.44,5
The Dinner Party,Г‚ВЈ56.54,2
The Diary of a ...,Г‚ВЈ59.90,3
The Children,Г‚ВЈ11.88,3
Stars Above (The Lunar ...,Г‚ВЈ48.05,2
Snatched: How A Drug ...,Г‚ВЈ21.21,3
Raspberry Pi Electronics Projects ...,Г‚ВЈ49.67,4
Quench Your Own Thirst: ...,Г‚ВЈ43.14,1
Psycho: Sanitarium (Psycho #1.5),Г‚ВЈ36.97,5
Poisonous (Max Revere Novels ...,Г‚ВЈ26.80,3
One with You (Crossfire ...,Г‚ВЈ15.71,4
No Love Allowed (Dodge ...,Г‚ВЈ54.65,4
Murder at the 42nd ...,Г‚ВЈ54.36,4
Most Wanted,Г‚ВЈ35.28,3
"Love, Lies and Spies",Г‚ВЈ20.55,2
How to Speak Golf: ...,Г‚ВЈ58.32,5
Hide Away (Eve Duncan ...,Г‚ВЈ11.84,1
Furiously Happy: A Funny ...,Г‚ВЈ41.46,4
Everyday Italian: 125 Simple ...,Г‚ВЈ20.10,5
Equal Is Unfair: America's ...,Г‚ВЈ56.86,1
Eleanor & Park,Г‚ВЈ56.51,5
Dirty (Dive Bar #1),Г‚ВЈ40.83,4
Can You Keep a ...,Г‚ВЈ48.64,1
Boar Island (Anna Pigeon ...,Г‚ВЈ59.48,3
A Paris Apartment,Г‚ВЈ39.01,4
A la Mode: 120 ...,Г‚ВЈ38.77,1
Troublemaker: Surviving Hollywood and ...,Г‚ВЈ48.39,2
The Widow,Г‚ВЈ27.26,2
The Sleep Revolution: Transforming ...,Г‚ВЈ11.68,4
The Improbability of Love,Г‚ВЈ59.45,1
The Art of Startup ...,Г‚ВЈ21.00,3
Take Me Home Tonight ...,Г‚ВЈ53.98,3
Sleeping Giants (Themis Files ...,Г‚ВЈ48.74,1
Setting the World on ...,Г‚ВЈ21.15,2
Playing with Fire,Г‚ВЈ13.71,3
Off the Hook (Fishing ...,Г‚ВЈ47.67,3
Mothering Sunday,Г‚ВЈ13.34,2
"Mother, Can You Not?",Г‚ВЈ16.89,5
M Train,Г‚ВЈ27.18,1
Lilac Girls,Г‚ВЈ17.28,2
Lies and Other Acts ...,Г‚ВЈ45.14,1
Lab Girl,Г‚ВЈ40.85,1
Keep Me Posted,Г‚ВЈ20.46,4
It Didn't Start with ...,Г‚ВЈ56.27,3
Grey (Fifty Shades #4),Г‚ВЈ48.49,4
"Exit, Pursued by a ...",Г‚ВЈ51.34,4
Daredevils,Г‚ВЈ16.34,3
Cravings: Recipes for What ...,Г‚ВЈ20.50,3
Born for This: How ...,Г‚ВЈ21.59,5
Arena,Г‚ВЈ21.36,4
Adultery,Г‚ВЈ20.88,5
A Mother's Reckoning: Living ...,Г‚ВЈ19.53,3
A Gentleman's Position (Society ...,Г‚ВЈ14.75,5
11/22/63,Г‚ВЈ48.48,3
10% Happier: How I ...,Г‚ВЈ24.57,2
10-Day Green Smoothie Cleanse: ...,Г‚ВЈ49.71,5
Without Shame,Г‚ВЈ48.27,5
Watchmen,Г‚ВЈ58.05,4
Unlimited Intuition Now,Г‚ВЈ58.87,4
Underlying Notes,Г‚ВЈ11.82,2
The Shack,Г‚ВЈ28.03,1
The New Brand You: ...,Г‚ВЈ44.05,5
The Moosewood Cookbook: Recipes ...,Г‚ВЈ12.34,4
The Flowers Lied,Г‚ВЈ16.68,2
The Fabric of the ...,Г‚ВЈ55.91,1
The Book of Mormon,Г‚ВЈ24.57,3
The Art and Science ...,Г‚ВЈ52.98,5
The Alien Club,Г‚ВЈ54.40,1
Suzie Snowflake: One beautiful ...,Г‚ВЈ54.81,5
Nap-a-Roo,Г‚ВЈ25.08,1
NaNo What Now? Finding ...,Г‚ВЈ10.41,4
Modern Day Fables,Г‚ВЈ47.44,2
If I Gave You ...,Г‚ВЈ20.91,1
"Fruits Basket, Vol. 9 ...",Г‚ВЈ33.95,4
Dress Your Family in ...,Г‚ВЈ43.68,3
Don't Forget Steven,Г‚ВЈ33.23,1
Chernobyl 01:23:40: The Incredible ...,Г‚ВЈ35.92,2
Art and Fear: Observations ...,Г‚ВЈ48.63,4
A Shard of Ice ...,Г‚ВЈ56.63,3
A Hero's Curse (The ...,Г‚ВЈ50.49,3
23 Degrees South: A ...,Г‚ВЈ35.79,2
Zero to One: Notes ...,Г‚ВЈ34.06,3
Why Not Me?,Г‚ВЈ17.76,1
When Breath Becomes Air,Г‚ВЈ39.36,2
Vagabonding: An Uncommon Guide ...,Г‚ВЈ36.94,2
The Unlikely Pilgrimage of ...,Г‚ВЈ43.62,5
The New Drawing on ...,Г‚ВЈ43.02,3
"The Midnight Assassin: Panic, ...",Г‚ВЈ28.45,4
The Martian (The Martian ...,Г‚ВЈ41.39,2
The High Mountains of ...,Г‚ВЈ51.15,1
The Grownup,Г‚ВЈ35.88,1
The E-Myth Revisited: Why ...,Г‚ВЈ36.91,1
South of Sunshine,Г‚ВЈ28.93,1
Smarter Faster Better: The ...,Г‚ВЈ38.89,5
Silence in the Dark ...,Г‚ВЈ58.33,3
Shadows of the Past ...,Г‚ВЈ39.67,5
Roller Girl,Г‚ВЈ14.10,5
Rising Strong,Г‚ВЈ21.82,3
Proofs of God: Classical ...,Г‚ВЈ54.21,1
Please Kill Me: The ...,Г‚ВЈ31.19,4
Out of Print: City ...,Г‚ВЈ53.64,5
My Life Next Door ...,Г‚ВЈ36.39,5
Miller's Valley,Г‚ВЈ58.54,2
Man's Search for Meaning,Г‚ВЈ29.48,3
Love That Boy: What ...,Г‚ВЈ25.06,2
Living Forward: A Proven ...,Г‚ВЈ12.55,3
Les Fleurs du Mal,Г‚ВЈ29.04,5
Left Behind (Left Behind ...,Г‚ВЈ40.72,2
Kill 'Em and Leave: ...,Г‚ВЈ45.05,5
Kierkegaard: A Christian Missionary ...,Г‚ВЈ47.13,1
John Vassos: Industrial Design ...,Г‚ВЈ20.22,4
I'll Give You the ...,Г‚ВЈ56.48,1
I Will Find You,Г‚ВЈ44.21,1
Hystopia: A Novel,Г‚ВЈ21.96,4
Howl and Other Poems,Г‚ВЈ40.45,2
History of Beauty,Г‚ВЈ10.29,4
Heaven is for Real: ...,Г‚ВЈ52.86,2
Future Shock (Future Shock ...,Г‚ВЈ55.65,5
Ender's Game (The Ender ...,Г‚ВЈ43.64,1
Diary of a Citizen ...,Г‚ВЈ28.41,1
Death by Leisure: A ...,Г‚ВЈ37.51,4
Brilliant Beacons: A History ...,Г‚ВЈ11.45,3
Brazen: The Courage to ...,Г‚ВЈ19.22,2
Between the World and ...,Г‚ВЈ56.91,4
Being Mortal: Medicine and ...,Г‚ВЈ55.06,4
A Murder Over a ...,Г‚ВЈ13.20,3
32 Yolks,Г‚ВЈ53.63,2
"""Most Blessed of the ...",Г‚ВЈ44.48,5
You Are a Badass: ...,Г‚ВЈ12.08,3
Wildlife of New York: ...,Г‚ВЈ22.14,2
What Happened on Beale ...,Г‚ВЈ25.37,5
Unreasonable Hope: Finding Faith ...,Г‚ВЈ46.33,2
Under the Tuscan Sun,Г‚ВЈ37.33,3
Toddlers Are A**holes: It's ...,Г‚ВЈ25.55,1
The Year of Living ...,Г‚ВЈ34.72,1
The Whale,Г‚ВЈ35.96,4
The Story of Art,Г‚ВЈ41.14,4
The Origin of Species,Г‚ВЈ10.01,4
The Great Gatsby,Г‚ВЈ36.05,4
The Good Girl,Г‚ВЈ49.03,3
The Glass Castle,Г‚ВЈ16.24,1
The Faith of Christopher ...,Г‚ВЈ39.55,1
The Drowning Girls,Г‚ВЈ35.67,3
The Constant Princess (The ...,Г‚ВЈ16.62,3
The Bourne Identity (Jason ...,Г‚ВЈ42.78,4
The Bachelor Girl's Guide ...,Г‚ВЈ52.30,5
The Art Book,Г‚ВЈ32.34,2
The 7 Habits of ...,Г‚ВЈ33.17,4
Team of Rivals: The ...,Г‚ВЈ20.12,5
Steal Like an Artist: ...,Г‚ВЈ20.90,2
"Sit, Stay, Love",Г‚ВЈ20.90,3
Sister Dear,Г‚ВЈ40.20,4
"Shrunken Treasures: Literary Classics, ...",Г‚ВЈ52.87,3
"Rich Dad, Poor Dad",Г‚ВЈ51.74,1
Raymie Nightingale,Г‚ВЈ34.41,2
Playing from the Heart,Г‚ВЈ32.38,1
Nightstruck: A Novel,Г‚ВЈ50.35,4
Naturally Lean: 125 Nourishing ...,Г‚ВЈ11.38,5
Meternity,Г‚ВЈ43.58,3
Memoirs of a Geisha,Г‚ВЈ49.67,3
Like Never Before (Walker ...,Г‚ВЈ28.77,2
Life of Pi,Г‚ВЈ13.22,4
Leave This Song Behind: ...,Г‚ВЈ51.17,5
King's Folly (The Kinsman ...,Г‚ВЈ39.61,5
John Adams,Г‚ВЈ57.43,4
How to Cook Everything ...,Г‚ВЈ46.01,4
How to Be a ...,Г‚ВЈ28.25,2
Good in Bed (Cannie ...,Г‚ВЈ37.05,5
"Fruits Basket, Vol. 7 ...",Г‚ВЈ19.57,1
For the Love: Fighting ...,Г‚ВЈ45.13,3
Finding God in the ...,Г‚ВЈ46.64,2
Every Heart a Doorway ...,Г‚ВЈ12.16,5
Delivering the Truth (Quaker ...,Г‚ВЈ20.89,4
Counted With the Stars ...,Г‚ВЈ17.97,5
"Chronicles, Vol. 1",Г‚ВЈ52.60,2
Blue Like Jazz: Nonreligious ...,Г‚ВЈ25.77,1
Benjamin Franklin: An American ...,Г‚ВЈ48.19,3
At The Existentialist CafГѓВ©: ...,Г‚ВЈ29.93,5
A Summer In Europe,Г‚ВЈ44.34,2
A Short History of ...,Г‚ВЈ52.40,5
A Gathering of Shadows ...,Г‚ВЈ44.81,4
The Sound Of Love,Г‚ВЈ57.84,5
The Rise and Fall ...,Г‚ВЈ39.67,2
The Perks of Being ...,Г‚ВЈ55.02,3
The Mysterious Affair at ...,Г‚ВЈ24.80,4
The Man Who Mistook ...,Г‚ВЈ59.45,4
The Makings of a ...,Г‚ВЈ31.58,2
The Joy of Cooking,Г‚ВЈ43.27,4
The Invention of Wings,Г‚ВЈ37.34,1
The Hobbit (Middle-Earth Universe),Г‚ВЈ17.80,5
The Great Railway Bazaar,Г‚ВЈ30.54,1
The Golden Compass (His ...,Г‚ВЈ18.77,1
The God Delusion,Г‚ВЈ46.85,3
The Girl You Left ...,Г‚ВЈ15.79,1
The Fellowship of the ...,Г‚ВЈ10.27,2
The Collected Poems of ...,Г‚ВЈ15.42,5
The Barefoot Contessa Cookbook,Г‚ВЈ59.92,5
Tell the Wolves I'm ...,Г‚ВЈ50.96,2
Ship Leaves Harbor: Essays ...,Г‚ВЈ30.60,3
Pride and Prejudice,Г‚ВЈ19.27,4
Musicophilia: Tales of Music ...,Г‚ВЈ46.58,1
Mere Christianity,Г‚ВЈ48.51,3
Me Before You (Me ...,Г‚ВЈ19.02,1
In the Woods (Dublin ...,Г‚ВЈ38.38,2
In Cold Blood,Г‚ВЈ49.98,4
How to Stop Worrying ...,Г‚ВЈ46.49,5
Give It Back,Г‚ВЈ18.32,2
"Girl, Interrupted",Г‚ВЈ42.14,3
Fun Home: A Family ...,Г‚ВЈ56.59,4
"Fruits Basket, Vol. 6 ...",Г‚ВЈ20.96,4
Deception Point,Г‚ВЈ40.32,4
"Death Note, Vol. 6: ...",Г‚ВЈ36.39,3
Catherine the Great: Portrait ...,Г‚ВЈ58.55,4
Better Homes and Gardens ...,Г‚ВЈ39.61,3
An Unquiet Mind: A ...,Г‚ВЈ21.30,3
A Year in Provence ...,Г‚ВЈ56.88,4
World Without End (The ...,Г‚ВЈ32.97,4
"Will Grayson, Will Grayson ...",Г‚ВЈ47.31,4
Why Save the Bankers?: ...,Г‚ВЈ48.67,2
Where She Went (If ...,Г‚ВЈ41.73,4
What If?: Serious Scientific ...,Г‚ВЈ53.68,4
Two Summers,Г‚ВЈ14.64,1
This Is Your Brain ...,Г‚ВЈ38.40,1
The Secret Garden,Г‚ВЈ15.08,4
The Raven King (The ...,Г‚ВЈ30.57,2
The Raven Boys (The ...,Г‚ВЈ57.74,4
The Power Greens Cookbook: ...,Г‚ВЈ11.05,5
The Metamorphosis,Г‚ВЈ28.58,1
The Mathews Men: Seven ...,Г‚ВЈ42.91,5
The Little Paris Bookshop,Г‚ВЈ24.73,3
The Hiding Place,Г‚ВЈ55.91,4
The Grand Design,Г‚ВЈ13.76,3
The Firm,Г‚ВЈ45.56,3
The Fault in Our ...,Г‚ВЈ47.22,1
The False Prince (The ...,Г‚ВЈ56.00,5
The Expatriates,Г‚ВЈ44.58,2
The Dream Thieves (The ...,Г‚ВЈ34.50,1
The Darkest Corners,Г‚ВЈ11.33,5
The Crossover,Г‚ВЈ38.77,4
The 5th Wave (The ...,Г‚ВЈ11.83,2
Tell the Wind and ...,Г‚ВЈ45.51,3
Tell Me Three Things,Г‚ВЈ41.81,1
Talking to Girls About ...,Г‚ВЈ25.15,4
Siddhartha,Г‚ВЈ34.22,5
Shiver (The Wolves of ...,Г‚ВЈ16.23,5
Remember Me?,Г‚ВЈ11.48,3
Red Dragon (Hannibal Lecter ...,Г‚ВЈ23.37,3
Peak: Secrets from the ...,Г‚ВЈ16.28,2
My Mother Was Nuts,Г‚ВЈ31.63,4
Mexican Today: New and ...,Г‚ВЈ24.91,5
Maybe Something Beautiful: How ...,Г‚ВЈ22.54,1
Lola and the Boy ...,Г‚ВЈ23.63,4
Logan Kade (Fallen Crest ...,Г‚ВЈ13.12,2
Last One Home (New ...,Г‚ВЈ59.98,3
Killing Floor (Jack Reacher ...,Г‚ВЈ31.49,4
Kill the Boy Band,Г‚ВЈ15.52,5
Isla and the Happily ...,Г‚ВЈ48.13,5
If I Stay (If ...,Г‚ВЈ38.13,5
I Know Why the ...,Г‚ВЈ36.55,2
Harry Potter and the ...,Г‚ВЈ23.32,1
"Fruits Basket, Vol. 5 ...",Г‚ВЈ16.33,1
Foundation (Foundation (Publication Order) ...,Г‚ВЈ32.42,1
Fool Me Once,Г‚ВЈ16.96,1
Find Her (Detective D.D. ...,Г‚ВЈ22.37,1
Evicted: Poverty and Profit ...,Г‚ВЈ42.27,1
Drama,Г‚ВЈ38.70,2
Dracula the Un-Dead,Г‚ВЈ35.63,5
Digital Fortress,Г‚ВЈ58.00,5
"Death Note, Vol. 5: ...",Г‚ВЈ52.41,1
"Data, A Love Story: ...",Г‚ВЈ32.35,3
Critique of Pure Reason,Г‚ВЈ20.75,1
Booked,Г‚ВЈ17.49,5
"Blue Lily, Lily Blue ...",Г‚ВЈ34.13,5
Approval Junkie: Adventures in ...,Г‚ВЈ58.81,5
An Abundance of Katherines,Г‚ВЈ10.00,5
America's War for the ...,Г‚ВЈ51.22,2
Alight (The Generations Trilogy ...,Г‚ВЈ58.59,4
A Girl's Guide to ...,Г‚ВЈ31.30,1
A Game of Thrones ...,Г‚ВЈ46.42,2
A Feast for Crows ...,Г‚ВЈ17.21,4
A Clash of Kings ...,Г‚ВЈ10.79,3
Vogue Colors A to ...,Г‚ВЈ52.35,4
The Shining (The Shining ...,Г‚ВЈ27.88,3
The Pilgrim's Progress,Г‚ВЈ50.26,2
The Perfect Play (Play ...,Г‚ВЈ59.99,3
The Passion of Dolssa,Г‚ВЈ28.32,5
The Jazz of Physics: ...,Г‚ВЈ38.71,3
The Hunger Games (The ...,Г‚ВЈ29.85,5
The Hound of the ...,Г‚ВЈ14.82,2
The Gunning of America: ...,Г‚ВЈ16.81,4
The Geography of Bliss: ...,Г‚ВЈ28.23,2
The Demonists (Demonist #1),Г‚ВЈ52.11,2
The Demon Prince of ...,Г‚ВЈ27.88,2
The Bone Hunters (Lexy ...,Г‚ВЈ59.71,3
The Beast (Black Dagger ...,Г‚ВЈ46.08,5
Some Women,Г‚ВЈ13.73,5
Shopaholic Ties the Knot ...,Г‚ВЈ48.39,5
Paper and Fire (The ...,Г‚ВЈ49.45,5
Outlander (Outlander #1),Г‚ВЈ19.67,5
Orchestra of Exiles: The ...,Г‚ВЈ12.36,3
No One Here Gets ...,Г‚ВЈ20.02,5
Night Shift (Night Shift ...,Г‚ВЈ12.75,4
Needful Things,Г‚ВЈ47.51,4
Mockingjay (The Hunger Games ...,Г‚ВЈ20.44,4
Misery,Г‚ВЈ34.79,2
Little Women (Little Women ...,Г‚ВЈ28.07,4
It,Г‚ВЈ25.01,3
Harry Potter and the ...,Г‚ВЈ13.90,3
Harry Potter and the ...,Г‚ВЈ24.17,4
Harry Potter and the ...,Г‚ВЈ31.63,4
Harry Potter and the ...,Г‚ВЈ48.75,5
Harry Potter and the ...,Г‚ВЈ14.74,1
Gone with the Wind,Г‚ВЈ32.49,3
God Is Not Great: ...,Г‚ВЈ27.80,1
Girl With a Pearl ...,Г‚ВЈ26.77,1
"Fruits Basket, Vol. 4 ...",Г‚ВЈ50.44,4
Far From True (Promise ...,Г‚ВЈ34.93,2
Dark Lover (Black Dagger ...,Г‚ВЈ12.87,1
Confessions of a Shopaholic ...,Г‚ВЈ48.94,2
Changing the Game (Play ...,Г‚ВЈ13.38,3
Candide,Г‚ВЈ58.63,3
Can You Keep a ...,Г‚ВЈ21.94,1
Atlas Shrugged,Г‚ВЈ26.58,5
Animal Farm,Г‚ВЈ57.22,3
A Walk to Remember,Г‚ВЈ56.43,1
A New Earth: Awakening ...,Г‚ВЈ55.65,5
A History of God: ...,Г‚ВЈ27.62,1
'Salem's Lot,Г‚ВЈ49.56,4
Zero History (Blue Ant ...,Г‚ВЈ34.77,1
Wuthering Heights,Г‚ВЈ17.73,3
World War Z: An ...,Г‚ВЈ21.80,1
Wild: From Lost to ...,Г‚ВЈ46.02,3
"Where'd You Go, Bernadette",Г‚ВЈ18.13,1
When You Are Engulfed ...,Г‚ВЈ30.89,5
We the People: The ...,Г‚ВЈ31.95,3
We Are All Completely ...,Г‚ВЈ24.04,1
Walk the Edge (Thunder ...,Г‚ВЈ32.36,3
Voyager (Outlander #3),Г‚ВЈ21.07,5
Very Good Lives: The ...,Г‚ВЈ50.66,3
Vegan Vegetarian Omnivore: Dinner ...,Г‚ВЈ13.66,2
"Unstuffed: Decluttering Your Home, ...",Г‚ВЈ58.09,1
Under the Banner of ...,Г‚ВЈ30.00,1
Two Boys Kissing,Г‚ВЈ32.74,2
Twilight (Twilight #1),Г‚ВЈ41.93,2
Twenties Girl,Г‚ВЈ42.80,2
Trespassing Across America: One ...,Г‚ВЈ53.51,1
Three-Martini Lunch,Г‚ВЈ23.21,3
"Thinking, Fast and Slow",Г‚ВЈ21.14,1
The Wild Robot,Г‚ВЈ56.07,3
The Wicked + The ...,Г‚ВЈ14.41,3
The Undomestic Goddess,Г‚ВЈ45.75,4
The Travelers,Г‚ВЈ15.77,1
The Tipping Point: How ...,Г‚ВЈ10.02,2
The Thing About Jellyfish,Г‚ВЈ48.77,1
The Stand,Г‚ВЈ57.86,2
The Smitten Kitchen Cookbook,Г‚ВЈ23.59,1
The Silkworm (Cormoran Strike ...,Г‚ВЈ23.05,5
"The Sandman, Vol. 3: ...",Г‚ВЈ55.55,5
The Rose & the ...,Г‚ВЈ58.64,4
The Road to Little ...,Г‚ВЈ23.21,1
The Rise of Theodore ...,Г‚ВЈ42.57,3
The Restaurant at the ...,Г‚ВЈ10.92,1
The Rest Is Noise: ...,Г‚ВЈ34.77,1
The Red Tent,Г‚ВЈ35.66,5
The Purpose Driven Life: ...,Г‚ВЈ37.19,3
The Purest Hook (Second ...,Г‚ВЈ12.25,1
The Picture of Dorian ...,Г‚ВЈ29.70,2
The Paris Wife,Г‚ВЈ36.80,3
The Obsession,Г‚ВЈ45.43,1
The Nightingale,Г‚ВЈ26.26,4
The New Guy (and ...,Г‚ВЈ44.92,3
The Nanny Diaries (Nanny ...,Г‚ВЈ52.53,5
The Name of God ...,Г‚ВЈ37.25,2
The Maze Runner (The ...,Г‚ВЈ20.93,1
The Lover's Dictionary,Г‚ВЈ58.09,2
The Lonely Ones,Г‚ВЈ43.59,5
The Lean Startup: How ...,Г‚ВЈ33.92,3
The Last Painting of ...,Г‚ВЈ55.55,2
"The Land of 10,000 ...",Г‚ВЈ29.64,4
The Infinities,Г‚ВЈ27.41,1
The Husband's Secret,Г‚ВЈ52.51,5
The Hitchhiker's Guide to ...,Г‚ВЈ47.80,3
The Guns of August,Г‚ВЈ14.54,2
The Guernsey Literary and ...,Г‚ВЈ49.53,1
The Goldfinch,Г‚ВЈ43.58,3
The Giver (The Giver ...,Г‚ВЈ12.30,1
The Girl with All ...,Г‚ВЈ49.47,3
The Girl Who Played ...,Г‚ВЈ22.14,2
The Girl Who Kicked ...,Г‚ВЈ57.48,1
The Exiled,Г‚ВЈ43.45,3
The End of Faith: ...,Г‚ВЈ22.13,4
"The Elegant Universe: Superstrings, ...",Г‚ВЈ13.03,4
The Disappearing Spoon: And ...,Г‚ВЈ57.35,5
The Devil Wears Prada ...,Г‚ВЈ44.29,1
The Demon-Haunted World: Science ...,Г‚ВЈ52.25,4
The Day the Crayons ...,Г‚ВЈ26.33,5
The Da Vinci Code ...,Г‚ВЈ22.96,2
The Cuckoo's Calling (Cormoran ...,Г‚ВЈ19.21,1
The Complete Stories and ...,Г‚ВЈ26.78,4
The Complete Poems,Г‚ВЈ41.32,5
The Catcher in the ...,Г‚ВЈ24.55,1
The Cat in the ...,Г‚ВЈ16.26,2
The Case for Christ ...,Г‚ВЈ47.84,1
The Book Thief,Г‚ВЈ53.49,2
The Book of Basketball: ...,Г‚ВЈ44.84,5
The Blind Side: Evolution ...,Г‚ВЈ53.71,5
The Autobiography of Malcolm ...,Г‚ВЈ23.43,2
The Art of Simple ...,Г‚ВЈ34.32,3
The Art of Fielding,Г‚ВЈ22.10,1
"Surely You're Joking, Mr. ...",Г‚ВЈ25.83,2
Stiff: The Curious Lives ...,Г‚ВЈ36.74,3
Spilled Milk: Based on ...,Г‚ВЈ49.51,1
Something Borrowed (Darcy & ...,Г‚ВЈ48.96,5
Something Blue (Darcy & ...,Г‚ВЈ54.62,1
Soldier (Talon #3),Г‚ВЈ24.72,2
Shopaholic & Baby (Shopaholic ...,Г‚ВЈ46.45,2
Seven Days in the ...,Г‚ВЈ52.33,2
Seven Brief Lessons on ...,Г‚ВЈ30.60,4
Scarlet (The Lunar Chronicles ...,Г‚ВЈ14.57,4
Sarah's Key,Г‚ВЈ46.29,1
"Saga, Volume 3 (Saga ...",Г‚ВЈ21.57,5
Running with Scissors,Г‚ВЈ12.91,4
Rogue Lawyer (Rogue Lawyer ...,Г‚ВЈ50.11,3
Rise of the Rocket ...,Г‚ВЈ41.67,4
Rework,Г‚ВЈ44.88,2
Reservations for Two,Г‚ВЈ11.10,3
Red: The True Story ...,Г‚ВЈ28.54,3
Ready Player One,Г‚ВЈ19.07,4
Quiet: The Power of ...,Г‚ВЈ43.55,1
Prodigy: The Graphic Novel ...,Г‚ВЈ43.63,3
Persepolis: The Story of ...,Г‚ВЈ39.13,1
Packing for Mars: The ...,Г‚ВЈ56.68,2
Outliers: The Story of ...,Г‚ВЈ14.16,1
Original Fake,Г‚ВЈ31.45,3
Orange Is the New ...,Г‚ВЈ24.61,2
One for the Money ...,Г‚ВЈ32.87,2
Notes from a Small ...,Г‚ВЈ40.17,1
Night (The Night Trilogy ...,Г‚ВЈ13.51,1
Neither Here nor There: ...,Г‚ВЈ38.95,3
Naked,Г‚ВЈ31.69,3
Morning Star (Red Rising ...,Г‚ВЈ29.40,1
Miracles from Heaven: A ...,Г‚ВЈ57.83,1
Midnight Riot (Peter Grant/ ...,Г‚ВЈ55.46,2
Me Talk Pretty One ...,Г‚ВЈ57.60,2
Manuscript Found in Accra,Г‚ВЈ34.98,2
Lust & Wonder,Г‚ВЈ11.87,2
Lila (Gilead #3),Г‚ВЈ12.47,3
"Life, the Universe and ...",Г‚ВЈ33.26,2
Life Without a Recipe,Г‚ВЈ59.04,5
Life After Life,Г‚ВЈ26.13,2
Letter to a Christian ...,Г‚ВЈ22.20,1
Let's Pretend This Never ...,Г‚ВЈ45.11,1
Legend (Legend #1),Г‚ВЈ43.69,4
"Lean In: Women, Work, ...",Г‚ВЈ25.02,1
Lamb: The Gospel According ...,Г‚ВЈ55.50,5
Lady Renegades (Rebel Belle ...,Г‚ВЈ53.04,5
Jurassic Park (Jurassic Park ...,Г‚ВЈ44.97,1
It's Never Too Late ...,Г‚ВЈ42.38,1
Is Everyone Hanging Out ...,Г‚ВЈ20.11,3
Into the Wild,Г‚ВЈ56.70,5
Inferno (Robert Langdon #4),Г‚ВЈ41.00,5
In the Garden of ...,Г‚ВЈ28.85,3
If I Run (If ...,Г‚ВЈ49.97,4
I've Got Your Number,Г‚ВЈ19.69,1
I Am Malala: The ...,Г‚ВЈ28.88,2
Hungry Girl Clean & ...,Г‚ВЈ33.14,3
House of Lost Worlds: ...,Г‚ВЈ43.70,2
House of Leaves,Г‚ВЈ54.89,1
Horrible Bear!,Г‚ВЈ37.52,2
Holidays on Ice,Г‚ВЈ51.07,2
Heir to the Sky,Г‚ВЈ44.07,4
Green Eggs and Ham ...,Г‚ВЈ10.79,4
"Grayson, Vol 3: Nemesis ...",Г‚ВЈ42.72,1
Gratitude,Г‚ВЈ26.66,5
Gone Girl,Г‚ВЈ37.60,5
Golden (Heart of Dread ...,Г‚ВЈ42.21,4
Girl in the Blue ...,Г‚ВЈ46.83,2
"Fruits Basket, Vol. 3 ...",Г‚ВЈ45.17,2
Friday Night Lights: A ...,Г‚ВЈ51.22,3
Fire Bound (Sea Haven/Sisters ...,Г‚ВЈ21.28,4
Fifty Shades Freed (Fifty ...,Г‚ВЈ15.36,5
Fellside,Г‚ВЈ38.62,1
Extreme Prey (Lucas Davenport ...,Г‚ВЈ25.40,3
Eragon (The Inheritance Cycle ...,Г‚ВЈ43.87,3
Eclipse (Twilight #3),Г‚ВЈ18.74,1
Dune (Dune #1),Г‚ВЈ54.86,1
Dracula,Г‚ВЈ52.62,3
Do Androids Dream of ...,Г‚ВЈ51.48,1
Disrupted: My Misadventure in ...,Г‚ВЈ15.28,5
Dead Wake: The Last ...,Г‚ВЈ39.24,5
"David and Goliath: Underdogs, ...",Г‚ВЈ17.81,1
Darkfever (Fever #1),Г‚ВЈ56.02,1
Dark Places,Г‚ВЈ23.90,5
Crazy Rich Asians (Crazy ...,Г‚ВЈ49.13,5
Counting Thyme,Г‚ВЈ10.62,1
Cosmos,Г‚ВЈ36.17,2
Civilization and Its Discontents,Г‚ВЈ59.95,2
Cinder (The Lunar Chronicles ...,Г‚ВЈ26.09,1
Catastrophic Happiness: Finding Joy ...,Г‚ВЈ37.35,2
Career of Evil (Cormoran ...,Г‚ВЈ24.72,2
Breaking Dawn (Twilight #4),Г‚ВЈ35.28,5
Brave Enough,Г‚ВЈ51.32,5
Boy Meets Boy,Г‚ВЈ21.12,3
Born to Run: A ...,Г‚ВЈ27.35,2
Blink: The Power of ...,Г‚ВЈ21.74,5
Black Flags: The Rise ...,Г‚ВЈ40.87,1
"Black Butler, Vol. 1 ...",Г‚ВЈ49.31,1
Big Little Lies,Г‚ВЈ22.11,1
Between Shades of Gray,Г‚ВЈ20.79,5
Best of My Love ...,Г‚ВЈ27.41,2
Beowulf,Г‚ВЈ38.35,2
Beautiful Creatures (Caster Chronicles ...,Г‚ВЈ21.55,5
Awkward,Г‚ВЈ38.02,2
Ash,Г‚ВЈ22.06,4
Are We There Yet?,Г‚ВЈ10.66,3
Are We Smart Enough ...,Г‚ВЈ56.58,1
Annie on My Mind,Г‚ВЈ36.83,5
And Then There Were ...,Г‚ВЈ35.01,2
A Walk in the ...,Г‚ВЈ30.48,4
A Visit from the ...,Г‚ВЈ14.08,5
A Storm of Swords ...,Г‚ВЈ31.22,2
A Heartbreaking Work of ...,Г‚ВЈ54.29,5
8 Keys to Mental ...,Г‚ВЈ31.04,1
#GIRLBOSS,Г‚ВЈ50.96,1
The Suffragettes (Little Black ...,Г‚ВЈ11.89,2
The Sense of an ...,Г‚ВЈ31.38,3
"The Sandman, Vol. 2: ...",Г‚ВЈ54.81,1
The Course of Love,Г‚ВЈ16.78,3
Sugar Rush (Offensive Line ...,Г‚ВЈ24.42,1
"Saga, Volume 2 (Saga ...",Г‚ВЈ11.75,3
"Run, Spot, Run: The ...",Г‚ВЈ20.02,1
New Moon (Twilight #2),Г‚ВЈ12.86,4
Life,Г‚ВЈ31.58,5
Kindle Paperwhite User's Guide,Г‚ВЈ34.00,3
H is for Hawk,Г‚ВЈ57.42,5
Girl Online On Tour ...,Г‚ВЈ53.47,1
"Fruits Basket, Vol. 2 ...",Г‚ВЈ11.64,5
Diary of a Minecraft ...,Г‚ВЈ52.88,4
"Y: The Last Man, ...",Г‚ВЈ18.51,4
While You Were Mine,Г‚ВЈ41.32,5
Where Lightning Strikes (Bleeding ...,Г‚ВЈ39.77,3
When I'm Gone,Г‚ВЈ51.96,3
Ways of Seeing,Г‚ВЈ39.51,5
"Vampire Knight, Vol. 1 ...",Г‚ВЈ15.40,1
Vampire Girl (Vampire Girl ...,Г‚ВЈ53.82,2
Twenty Love Poems and ...,Г‚ВЈ30.95,4
Travels with Charley: In ...,Г‚ВЈ57.82,5
Three Wishes (River of ...,Г‚ВЈ44.18,2
This One Moment (Pushing ...,Г‚ВЈ48.71,1
The Zombie Room,Г‚ВЈ19.69,5
The Wicked + The ...,Г‚ВЈ36.52,2
The Tumor,Г‚ВЈ41.56,5
The Story of Hong ...,Г‚ВЈ43.19,4
The Silent Wife,Г‚ВЈ12.34,5
The Silent Twin (Detective ...,Г‚ВЈ36.25,3
The Selfish Gene,Г‚ВЈ29.45,1
The Secret Healer,Г‚ВЈ34.56,3
"The Sandman, Vol. 1: ...",Г‚ВЈ54.12,3
The Republic,Г‚ВЈ33.78,3
The Odyssey,Г‚ВЈ29.64,3
The No. 1 Ladies' ...,Г‚ВЈ57.70,4
The Nicomachean Ethics,Г‚ВЈ36.34,1
The Name of the ...,Г‚ВЈ50.59,3
The Mirror & the ...,Г‚ВЈ29.38,1
The Little Prince,Г‚ВЈ45.42,2
The Light of the ...,Г‚ВЈ54.43,1
The Last Girl (The ...,Г‚ВЈ36.26,2
The Iliad,Г‚ВЈ16.16,1
The Hook Up (Game ...,Г‚ВЈ36.29,5
The Haters,Г‚ВЈ27.89,5
The Girl You Lost,Г‚ВЈ12.29,5
The Girl In The ...,Г‚ВЈ15.85,3
The End of the ...,Г‚ВЈ14.40,1
The Edge of Reason ...,Г‚ВЈ19.18,4
The Complete Maus (Maus ...,Г‚ВЈ10.64,3
The Communist Manifesto,Г‚ВЈ14.76,3
The Bhagavad Gita,Г‚ВЈ57.49,3
The Bette Davis Club,Г‚ВЈ30.66,3
The Art of Not ...,Г‚ВЈ40.83,4
Taking Shots (Assassins #1),Г‚ВЈ18.88,2
Starlark,Г‚ВЈ25.83,3
"Skip Beat!, Vol. 01 ...",Г‚ВЈ42.12,3
Sister Sable (The Mad ...,Г‚ВЈ13.33,3
Shatter Me (Shatter Me ...,Г‚ВЈ42.40,1
Shameless,Г‚ВЈ58.35,3
Shadow Rites (Jane Yellowrock ...,Г‚ВЈ21.72,4
Settling the Score (The ...,Г‚ВЈ44.91,2
Sense and Sensibility,Г‚ВЈ37.46,1
"Saga, Volume 1 (Saga ...",Г‚ВЈ28.48,1
"Rhythm, Chord & Malykhin",Г‚ВЈ28.34,2
"Rat Queens, Vol. 1: ...",Г‚ВЈ46.96,5
Paradise Lost (Paradise #1),Г‚ВЈ24.96,1
"Paper Girls, Vol. 1 ...",Г‚ВЈ21.71,4
Ouran High School Host ...,Г‚ВЈ29.87,3
Origins (Alphas 0.5),Г‚ВЈ28.99,1
One Second (Seven #7),Г‚ВЈ52.94,2
On the Road (Duluoz ...,Г‚ВЈ32.36,3
Old Records Never Die: ...,Г‚ВЈ55.66,2
Off Sides (Off #1),Г‚ВЈ39.45,5
Of Mice and Men,Г‚ВЈ47.11,2
Myriad (Prentor #1),Г‚ВЈ58.75,4
My Perfect Mistake (Over ...,Г‚ВЈ38.92,2
"Ms. Marvel, Vol. 1: ...",Г‚ВЈ39.39,4
Meditations,Г‚ВЈ25.89,2
Matilda,Г‚ВЈ28.34,1
Lost Among the Living,Г‚ВЈ27.70,4
Lord of the Flies,Г‚ВЈ24.89,3
Listen to Me (Fusion ...,Г‚ВЈ58.99,3
Kitchens of the Great ...,Г‚ВЈ57.20,5
Jane Eyre,Г‚ВЈ38.43,5
Imperfect Harmony,Г‚ВЈ34.74,4
Icing (Aces Hockey #2),Г‚ВЈ40.44,4
"Hawkeye, Vol. 1: My ...",Г‚ВЈ45.24,3
Having the Barbarian's Baby ...,Г‚ВЈ34.96,4
"Giant Days, Vol. 1 ...",Г‚ВЈ56.76,4
"Fruits Basket, Vol. 1 ...",Г‚ВЈ40.28,5
Frankenstein,Г‚ВЈ38.00,2
Forever Rockers (The Rocker ...,Г‚ВЈ28.80,3
Fighting Fate (Fighting #6),Г‚ВЈ39.24,3
Emma,Г‚ВЈ32.93,2
"Eat, Pray, Love",Г‚ВЈ51.32,3
Deep Under (Walker Security ...,Г‚ВЈ47.09,5
Choosing Our Religion: The ...,Г‚ВЈ28.42,4
Charlie and the Chocolate ...,Г‚ВЈ22.85,3
Charity's Cross (Charles Towne ...,Г‚ВЈ41.24,1
Bright Lines,Г‚ВЈ39.07,5
Bridget Jones's Diary (Bridget ...,Г‚ВЈ29.82,1
Bounty (Colorado Mountain #7),Г‚ВЈ37.26,4
Blood Defense (Samantha Brinkman ...,Г‚ВЈ20.30,3
"Bleach, Vol. 1: Strawberry ...",Г‚ВЈ34.65,5
Beyond Good and Evil,Г‚ВЈ43.38,1
Alice in Wonderland (Alice's ...,Г‚ВЈ55.53,1
"Ajin: Demi-Human, Volume 1 ...",Г‚ВЈ57.06,4
A Spy's Devotion (The ...,Г‚ВЈ16.97,5
1st to Die (Women's ...,Г‚ВЈ53.98,1
"1,000 Places to See ...",Г‚ВЈ26.08,5
